{
  "rounds": [
    1,
    2,
    3,
    4,
    5,
    6,
    7,
    8,
    9,
    10,
    11,
    12,
    13,
    14,
    15,
    16,
    17,
    18,
    19,
    20
  ],
  "accuracy": [
    0.6458333333333334,
    0.8509615384615384,
    0.8381410256410257,
    0.8621794871794872,
    0.8189102564102564,
    0.8205128205128205,
    0.7932692307692307,
    0.7740384615384616,
    0.7676282051282053,
    0.8365384615384616,
    0.8237179487179487,
    0.7772435897435898,
    0.8141025641025641,
    0.7532051282051282,
    0.8333333333333334,
    0.8076923076923077,
    0.8092948717948718,
    0.8028846153846154,
    0.8141025641025641,
    0.8285256410256411
  ],
  "precision": [
    0.9884393063583815,
    0.8461538461538461,
    0.8276643990929705,
    0.8551401869158879,
    0.791578947368421,
    0.792016806722689,
    0.7604790419161678,
    0.7408123791102513,
    0.7306967984934087,
    0.8076923076923077,
    0.7916666666666666,
    0.7408829174664108,
    0.7807377049180327,
    0.7209737827715356,
    0.8055555555555556,
    0.7721774193548387,
    0.7748478701825557,
    0.7675350701402804,
    0.7807377049180327,
    0.7991543340380548
  ],
  "recall": [
    0.43846153846153846,
    0.9307692307692309,
    0.9358974358974359,
    0.9384615384615385,
    0.9641025641025641,
    0.9666666666666667,
    0.9769230769230769,
    0.982051282051282,
    0.9948717948717949,
    0.9692307692307692,
    0.9743589743589743,
    0.9897435897435898,
    0.9769230769230769,
    0.9871794871794872,
    0.9666666666666667,
    0.982051282051282,
    0.9794871794871793,
    0.982051282051282,
    0.9769230769230769,
    0.9692307692307692
  ],
  "f1_score": [
    0.6074600355239786,
    0.8864468864468863,
    0.8784596871239472,
    0.8948655256723717,
    0.8693641618497109,
    0.8706697459584295,
    0.8552188552188553,
    0.844542447629548,
    0.8425624321389795,
    0.8811188811188813,
    0.8735632183908048,
    0.8474204171240395,
    0.867881548974943,
    0.8333333333333334,
    0.8787878787878789,
    0.8645598194130925,
    0.8652321630804076,
    0.861642294713161,
    0.867881548974943,
    0.8760139049826188
  ],
  "specificity": [
    0.9914529914529916,
    0.717948717948718,
    0.6752136752136753,
    0.7350427350427351,
    0.5769230769230769,
    0.5769230769230769,
    0.48717948717948717,
    0.4273504273504273,
    0.38888888888888884,
    0.6153846153846154,
    0.5726495726495726,
    0.4230769230769231,
    0.5427350427350426,
    0.36324786324786323,
    0.6111111111111112,
    0.5170940170940171,
    0.5256410256410257,
    0.5042735042735041,
    0.5427350427350426,
    0.594017094017094
  ],
  "auc_roc": [
    0.9284133245671706,
    0.9168858207319746,
    0.9085141354372124,
    0.9229235152312076,
    0.9037804076265615,
    0.9065965373657682,
    0.8972386587771202,
    0.8933596318211702,
    0.8979837825991672,
    0.9135218058294982,
    0.9140149024764409,
    0.9000219154065309,
    0.9203155818540434,
    0.9044817006355469,
    0.9196362042515888,
    0.9194937541091387,
    0.914595660749507,
    0.9136971290817445,
    0.9174117904887137,
    0.9174446635985098
  ],
  "loss": [
    0.7402524767443538,
    0.3547782013192773,
    0.36833353973925115,
    0.3509635588154197,
    0.4064752135425806,
    0.46677871476858857,
    0.5580162108875811,
    0.6306049794424325,
    0.7009489757008851,
    0.4776198617182672,
    0.4982166717294604,
    0.7271921237930655,
    0.50017497879453,
    0.7269931544084102,
    0.4938719477970153,
    0.5903937599854544,
    0.5712081337347626,
    0.6511340950266458,
    0.6705456137773581,
    0.5320972069399431
  ]
}